{
  "context": {
    "ttl": "PT10M",
    "action": "on_search",
    "timestamp": "2025-05-06T06:00:03.172Z",
    "message_id": "d0dc9a9d-55f4-4eb0-aec6-77ab60dbba57",
    "transaction_id": "7be0d487-9e9a-48f4-a86f-c497a534fc56",
    "domain": "ONDC:FIS14",
    "version": "2.0.0",
    "bap_id": "test-ondc.timepayonline.com",
    "bap_uri": "https://test-ondc.timepayonline.com/",
    "location": {
      "country": {
        "code": "IND"
      },
      "city": {
        "code": "*"
      }
    },
    "bpp_id": "pramaan.ondc.org/beta/preprod/mock/seller",
    "bpp_uri": "https://pramaan.ondc.org/beta/preprod/mock/seller"
  },
  "message": {
    "catalog": {
      "descriptor": {
        "name": "ONDC Investment Services"
      },
      "providers": [
        {
          "id": "c0250b65-3755-4f57-94ee-b0087cd09e4f",
          "descriptor": {
            "name": "ONDC Investments"
          },
          "categories": [
            {
              "id": "0",
              "descriptor": {
                "name": "Mutual Funds",
                "code": "MUTUAL_FUNDS"
              }
            },
            {
              "id": "1",
              "descriptor": {
                "name": "Open Ended",
                "code": "OPEN_ENDED"
              },
              "parent_category_id": "0"
            },
            {
              "id": "11",
              "descriptor": {
                "name": "Equity",
                "code": "OPEN_ENDED_EQUITY"
              },
              "parent_category_id": "1"
            },
            {
              "id": "1101",
              "descriptor": {
                "name": "Mid Cap Fund",
                "code": "OPEN_ENDED_EQUITY_MIDCAP"
              },
              "parent_category_id": "11"
            }
          ],
          "items": [
            {
              "id": "2081e7f8-5731-41f3-a815-7dfd425c1028",
              "descriptor": {
                "code": "SCHEME",
                "name": "ONDC Mid Cap Fund"
              },
              "category_ids": [
                "1101"
              ],
              "matched": true,
              "tags": [
                {
                  "display": true,
                  "descriptor": {
                    "name": "Scheme Information",
                    "code": "SCHEME_INFORMATION"
                  },
                  "list": [
                    {
                      "descriptor": {
                        "name": "Status",
                        "code": "STATUS"
                      },
                      "value": "active"
                    },
                    {
                      "descriptor": {
                        "name": "Lockin Period (days)",
                        "code": "LOCKIN_PERIOD_IN_DAYS"
                      },
                      "value": "365"
                    },
                    {
                      "descriptor": {
                        "name": "NFO Start",
                        "code": "NFO_START_DATE"
                      },
                      "value": "2024-07-25"
                    },
                    {
                      "descriptor": {
                        "name": "NFO End",
                        "code": "NFO_END_DATE"
                      },
                      "value": "2024-08-10"
                    },
                    {
                      "descriptor": {
                        "name": "NFO Allotment Date",
                        "code": "NFO_ALLOTMENT_DATE"
                      },
                      "value": "2024-08-15"
                    },
                    {
                      "descriptor": {
                        "name": "NFO Reopen Date",
                        "code": "NFO_REOPEN_DATE"
                      },
                      "value": "2024-08-16"
                    },
                    {
                      "descriptor": {
                        "name": "Entry Load",
                        "code": "ENTRY_LOAD"
                      },
                      "value": "no entry load"
                    },
                    {
                      "descriptor": {
                        "name": "Exit Load",
                        "code": "EXIT_LOAD"
                      },
                      "value": "1% on exit"
                    },
                    {
                      "descriptor": {
                        "name": "Scheme Offer Documents",
                        "code": "OFFER_DOCUMENTS"
                      },
                      "value": "https://sellerapp.com/docs/scheme-offer.pdf"
                    }
                  ]
                }
              ]
            },
            {
              "id": "925d55cf-d811-4f93-8a2b-e357124b1e60",
              "parent_item_id": "2081e7f8-5731-41f3-a815-7dfd425c1028",
              "descriptor": {
                "code": "SCHEME_PLAN",
                "name": "ONDC Mid Cap Fund - Regular - Growth"
              },
              "matched": true,
              "fulfillment_ids": [
                "8a7cd6fc-e2e1-4bd5-a1c4-afdbcd47dd33",
                "ad8dba97-2a60-40de-a8d2-7967be39df9e",
                "98f9b83f-034b-4446-8a44-5a64425c8fd7",
                "4127482d-8520-496f-8714-f8d6aa1bb817"
              ],
              "category_ids": [
                "1101"
              ],
              "tags": [
                {
                  "display": true,
                  "descriptor": {
                    "name": "Plan Information",
                    "code": "PLAN_INFORMATION"
                  },
                  "list": [
                    {
                      "descriptor": {
                        "name": "Consumer Terms & Conditions",
                        "code": "CONSUMER_TNC"
                      },
                      "value": "https://sellerapp.com/legal/ondc:fis14/consumer_tnc.html"
                    }
                  ]
                },
                {
                  "display": true,
                  "descriptor": {
                    "name": "Plan Identifiers",
                    "code": "PLAN_IDENTIFIERS"
                  },
                  "list": [
                    {
                      "descriptor": {
                        "name": "ISIN",
                        "code": "ISIN"
                      },
                      "value": "IN123214324"
                    },
                    {
                      "descriptor": {
                        "name": "RTA Identifier",
                        "code": "RTA_IDENTIFIER"
                      },
                      "value": "02BZ"
                    },
                    {
                      "descriptor": {
                        "name": "AMFI Identifier",
                        "code": "AMFI_IDENTIFIER"
                      },
                      "value": "125487"
                    }
                  ]
                },
                {
                  "display": true,
                  "descriptor": {
                    "name": "Plan Options",
                    "code": "PLAN_OPTIONS"
                  },
                  "list": [
                    {
                      "descriptor": {
                        "name": "Plan",
                        "code": "PLAN"
                      },
                      "value": "REGULAR"
                    },
                    {
                      "descriptor": {
                        "name": "Option",
                        "code": "OPTION"
                      },
                      "value": "IDCW"
                    },
                    {
                      "descriptor": {
                        "name": "IDCW Option",
                        "code": "IDCW_OPTION"
                      },
                      "value": "PAYOUT"
                    }
                  ]
                }
              ]
            }
          ],
          "fulfillments": [
            {
              "id": "8a7cd6fc-e2e1-4bd5-a1c4-afdbcd47dd33",
              "type": "LUMPSUM",
              "tags": [
                {
                  "display": true,
                  "descriptor": {
                    "name": "Thresholds",
                    "code": "THRESHOLDS"
                  },
                  "list": [
                    {
                      "descriptor": {
                        "code": "AMOUNT_MIN",
                        "name": "Amount Minimum"
                      },
                      "value": "1000"
                    },
                    {
                      "descriptor": {
                        "code": "AMOUNT_MAX",
                        "name": "Amount Maximum"
                      },
                      "value": "10000"
                    },
                    {
                      "descriptor": {
                        "code": "AMOUNT_MULTIPLES",
                        "name": "Amount Multiples"
                      },
                      "value": "1"
                    }
                  ]
                }
              ]
            },
            {
              "id": "ad8dba97-2a60-40de-a8d2-7967be39df9e",
              "type": "SIP",
              "tags": [
                {
                  "display": true,
                  "descriptor": {
                    "name": "Thresholds",
                    "code": "THRESHOLDS"
                  },
                  "list": [
                    {
                      "descriptor": {
                        "code": "FREQUENCY",
                        "name": "Frequency"
                      },
                      "value": "P1M"
                    },
                    {
                      "descriptor": {
                        "code": "FREQUENCY_DATES",
                        "name": "Frequency Dates"
                      },
                      "value": "1,2,3,4,5,6,7,8,9,10,11,12,13,14,15,16,17,18,19,20,21,22,23,24,25,26,27,28"
                    },
                    {
                      "descriptor": {
                        "code": "AMOUNT_MIN",
                        "name": "Amount Minimum"
                      },
                      "value": "5000"
                    },
                    {
                      "descriptor": {
                        "code": "AMOUNT_MAX",
                        "name": "Amount Maximum"
                      },
                      "value": "50000"
                    },
                    {
                      "descriptor": {
                        "code": "AMOUNT_MULTIPLES",
                        "name": "Amount Multiples"
                      },
                      "value": "1"
                    },
                    {
                      "descriptor": {
                        "code": "INSTALMENTS_COUNT_MIN",
                        "name": "Installments Count Minimum"
                      },
                      "value": "6"
                    },
                    {
                      "descriptor": {
                        "code": "INSTALMENTS_COUNT_MAX",
                        "name": "Installments Count Maximum"
                      },
                      "value": "12"
                    },
                    {
                      "descriptor": {
                        "code": "CUMULATIVE_AMOUNT_MIN",
                        "name": "Cumulative Amount Minimum"
                      },
                      "value": "30000"
                    }
                  ]
                }
              ]
            },
            {
              "id": "98f9b83f-034b-4446-8a44-5a64425c8fd7",
              "type": "SIP",
              "tags": [
                {
                  "display": true,
                  "descriptor": {
                    "name": "Thresholds",
                    "code": "THRESHOLDS"
                  },
                  "list": [
                    {
                      "descriptor": {
                        "code": "AMOUNT_MULTIPLES",
                        "name": "Amount Multiples"
                      },
                      "value": "1"
                    },
                    {
                      "descriptor": {
                        "code": "AMOUNT_MAX",
                        "name": "Amount Maximum"
                      },
                      "value": "10000"
                    },
                    {
                      "descriptor": {
                        "code": "AMOUNT_MIN",
                        "name": "Amount Minimum"
                      },
                      "value": "1000"
                    },
                    {
                      "descriptor": {
                        "code": "FREQUENCY",
                        "name": "Frequency"
                      },
                      "value": "P1D"
                    },
                    {
                      "descriptor": {
                        "code": "INSTALMENTS_COUNT_MIN",
                        "name": "Installments Count Minimum"
                      },
                      "value": "30"
                    },
                    {
                      "descriptor": {
                        "code": "INSTALMENTS_COUNT_MAX",
                        "name": "Installments Count Maximum"
                      },
                      "value": "300"
                    },
                    {
                      "descriptor": {
                        "code": "CUMULATIVE_AMOUNT_MIN",
                        "name": "Cumulative Amount Minimum"
                      },
                      "value": "30000"
                    }
                  ]
                }
              ]
            },
            {
              "id": "4127482d-8520-496f-8714-f8d6aa1bb817",
              "type": "REDEMPTION",
              "tags": [
                {
                  "display": true,
                  "descriptor": {
                    "name": "Thresholds",
                    "code": "THRESHOLDS"
                  },
                  "list": [
                    {
                      "descriptor": {
                        "code": "AMOUNT_MULTIPLES",
                        "name": "Amount Multiples"
                      },
                      "value": "1"
                    },
                    {
                      "descriptor": {
                        "code": "AMOUNT_MAX",
                        "name": "Amount Maximum"
                      },
                      "value": "10000"
                    },
                    {
                      "descriptor": {
                        "code": "AMOUNT_MIN",
                        "name": "Amount Minimum"
                      },
                      "value": "1000"
                    },
                    {
                      "descriptor": {
                        "code": "UNITS_MIN",
                        "name": "Units Minimum"
                      },
                      "value": "1"
                    },
                    {
                      "descriptor": {
                        "code": "UNITS_MAX",
                        "name": "Units Maximum"
                      },
                      "value": "500"
                    },
                    {
                      "descriptor": {
                        "code": "UNITS_MULTIPLES",
                        "name": "Unit Multiples"
                      },
                      "value": "1"
                    }
                  ]
                }
              ]
            }
          ]
        }
      ],
      "tags": [
        {
          "display": false,
          "descriptor": {
            "name": "BPP Terms of Engagement",
            "code": "BPP_TERMS"
          },
          "list": [
            {
              "descriptor": {
                "name": "Static Terms (Transaction Level)",
                "code": "STATIC_TERMS"
              },
              "value": "https://sellerapp.com/legal/ondc:fis14/static_terms?v=0.1"
            },
            {
              "descriptor": {
                "name": "Offline Contract",
                "code": "OFFLINE_CONTRACT"
              },
              "value": "true"
            }
          ]
        }
      ]
    }
  }
}