{
  "context": {
    "location": {
      "country": {
        "code": "IND"
      },
      "city": {
        "code": "*"
      }
    },
    "domain": "ONDC:FIS14",
    "timestamp": "2025-05-06T05:40:51.449Z",
    "bap_id": "test-ondc.timepayonline.com",
    "bap_uri": "https://test-ondc.timepayonline.com/",
    "transaction_id": "2e067b81-b9b1-4b16-8b55-b935433f67bf",
    "message_id": "8ea03124-5102-4515-95c3-91d479e78568",
    "version": "2.0.0",
    "ttl": "PT10M",
    "bpp_id": "pre-prod.myvalidus.com",
    "bpp_uri": "https://pre-prod.myvalidus.com",
    "action": "on_search"
  },
  "message": {
    "catalog": {
      "descriptor": {
        "name": "Validus Fintech Services",
        "code": "BPP_NAME"
      },
      "providers": [
        {
          "id": "8a4eea2d-9cf2-494d-bac1-2f92b2f1af0b",
          "descriptor": {
            "name": "Price Mutual Fund",
            "code": "PROVIDER_NAME"
          },
          "categories": [
            {
              "id": "bcbab541-bb94-499d-ae06-e2eb5c497210",
              "descriptor": {
                "name": "Mutual Funds",
                "code": "MUTUAL_FUNDS"
              }
            },
            {
              "id": "ed0f8eed-d0cd-4412-b8ca-8010e4238942",
              "descriptor": {
                "name": "Open Ended",
                "code": "OPEN_ENDED"
              },
              "parent_category_id": "bcbab541-bb94-499d-ae06-e2eb5c497210"
            },
            {
              "id": "bcf72e20-9c1d-46f2-821f-9c4502872345",
              "descriptor": {
                "name": "Equity",
                "code": "OPEN_ENDED_EQUITY"
              },
              "parent_category_id": "ed0f8eed-d0cd-4412-b8ca-8010e4238942"
            },
            {
              "id": "6c640866-e57b-42a2-963d-977089660d50",
              "descriptor": {
                "name": "MidCap",
                "code": "OPEN_ENDED_EQUITY_MIDCAP"
              },
              "parent_category_id": "bcf72e20-9c1d-46f2-821f-9c4502872345"
            }
          ],
          "items": [
            {
              "id": "654cf3eb-1d74-4fe5-9a50-4eafd4c681f9",
              "descriptor": {
                "name": "Price Midcap Fund",
                "code": "SCHEME"
              },
              "category_ids": [
                "6c640866-e57b-42a2-963d-977089660d50"
              ],
              "matched": true,
              "tags": [
                {
                  "display": true,
                  "descriptor": {
                    "name": "Scheme Information",
                    "code": "SCHEME_INFORMATION"
                  },
                  "list": [
                    {
                      "descriptor": {
                        "name": "Status",
                        "code": "STATUS"
                      },
                      "value": "ACTIVE"
                    },
                    {
                      "descriptor": {
                        "name": "Lockin Period (days)",
                        "code": "LOCKIN_PERIOD_IN_DAYS"
                      },
                      "value": "800"
                    },
                    {
                      "descriptor": {
                        "name": "NFO Start",
                        "code": "NFO_START_DATE"
                      },
                      "value": "2024-09-13"
                    },
                    {
                      "descriptor": {
                        "name": "NFO End",
                        "code": "NFO_END_DATE"
                      },
                      "value": "2024-09-13"
                    },
                    {
                      "descriptor": {
                        "name": "NFO Allotment Date",
                        "code": "NFO_ALLOTMENT_DATE"
                      },
                      "value": "2024-09-13"
                    },
                    {
                      "descriptor": {
                        "name": "NFO Reopen Date",
                        "code": "NFO_REOPEN_DATE"
                      },
                      "value": "2024-09-13"
                    },
                    {
                      "descriptor": {
                        "name": "Entry Load",
                        "code": "ENTRY_LOAD"
                      },
                      "value": "1.00%"
                    },
                    {
                      "descriptor": {
                        "name": "Exit Load",
                        "code": "EXIT_LOAD"
                      },
                      "value": "1.00% on exit"
                    },
                    {
                      "descriptor": {
                        "name": "Scheme Offer Documents",
                        "code": "OFFER_DOCUMENTS"
                      },
                      "value": "https://pre-prod.myvalidus.com/Legal/schemeOffer"
                    }
                  ]
                }
              ]
            },
            {
              "id": "abe2b3c6-a880-4540-9c35-c71c10b34213",
              "descriptor": {
                "name": "Price Midcap Fund - Regular Plan - IDCW - Payout",
                "code": "SCHEME_PLAN"
              },
              "category_ids": [
                "6c640866-e57b-42a2-963d-977089660d50"
              ],
              "matched": true,
              "tags": [
                {
                  "display": true,
                  "descriptor": {
                    "name": "Plan Information",
                    "code": "PLAN_INFORMATION"
                  },
                  "list": [
                    {
                      "descriptor": {
                        "name": "Consumer Terms & Conditions",
                        "code": "CONSUMER_TNC"
                      },
                      "value": "https://pre-prod.myvalidus.com/Legal/TnC"
                    }
                  ]
                },
                {
                  "display": true,
                  "descriptor": {
                    "name": "Plan Identifiers",
                    "code": "PLAN_IDENTIFIERS"
                  },
                  "list": [
                    {
                      "descriptor": {
                        "name": "ISIN",
                        "code": "ISIN"
                      },
                      "value": "INF204KA0010"
                    },
                    {
                      "descriptor": {
                        "name": "RTA Identifier",
                        "code": "RTA_IDENTIFIER"
                      },
                      "value": "Validus"
                    },
                    {
                      "descriptor": {
                        "name": "AMFI Identifier",
                        "code": "AMFI_IDENTIFIER"
                      },
                      "value": "Validus"
                    }
                  ]
                },
                {
                  "display": true,
                  "descriptor": {
                    "name": "Plan Options",
                    "code": "PLAN_OPTIONS"
                  },
                  "list": [
                    {
                      "descriptor": {
                        "name": "Plan",
                        "code": "PLAN"
                      },
                      "value": "REGULAR"
                    },
                    {
                      "descriptor": {
                        "name": "Option",
                        "code": "OPTION"
                      },
                      "value": "IDCW"
                    },
                    {
                      "descriptor": {
                        "name": "IDCW Option",
                        "code": "IDCW_OPTION"
                      },
                      "value": "PAYOUT"
                    }
                  ]
                }
              ],
              "parent_item_id": "654cf3eb-1d74-4fe5-9a50-4eafd4c681f9",
              "fulfillment_ids": [
                "398985cb-6145-4d19-b6f9-b044122fd267",
                "ab8ee812-ee73-480b-b378-73e79ea83954",
                "df0d7ca1-dc75-45ab-b9f4-6c4ba1420a83",
                "461fe75f-3b01-4f0d-ad4b-d17562febe90"
              ]
            },
            {
              "id": "4266e5b8-4b66-4dcc-9f64-4624946df59f",
              "descriptor": {
                "name": "Price Midcap Fund - Regular Plan - IDCW - Reinv",
                "code": "SCHEME_PLAN"
              },
              "category_ids": [
                "6c640866-e57b-42a2-963d-977089660d50"
              ],
              "matched": true,
              "tags": [
                {
                  "display": true,
                  "descriptor": {
                    "name": "Plan Information",
                    "code": "PLAN_INFORMATION"
                  },
                  "list": [
                    {
                      "descriptor": {
                        "name": "Consumer Terms & Conditions",
                        "code": "CONSUMER_TNC"
                      },
                      "value": "https://pre-prod.myvalidus.com/Legal/TnC"
                    }
                  ]
                },
                {
                  "display": true,
                  "descriptor": {
                    "name": "Plan Identifiers",
                    "code": "PLAN_IDENTIFIERS"
                  },
                  "list": [
                    {
                      "descriptor": {
                        "name": "ISIN",
                        "code": "ISIN"
                      },
                      "value": "INF204KA0004"
                    },
                    {
                      "descriptor": {
                        "name": "RTA Identifier",
                        "code": "RTA_IDENTIFIER"
                      },
                      "value": "Validus"
                    },
                    {
                      "descriptor": {
                        "name": "AMFI Identifier",
                        "code": "AMFI_IDENTIFIER"
                      },
                      "value": "Validus"
                    }
                  ]
                },
                {
                  "display": true,
                  "descriptor": {
                    "name": "Plan Options",
                    "code": "PLAN_OPTIONS"
                  },
                  "list": [
                    {
                      "descriptor": {
                        "name": "Plan",
                        "code": "PLAN"
                      },
                      "value": "REGULAR"
                    },
                    {
                      "descriptor": {
                        "name": "Option",
                        "code": "OPTION"
                      },
                      "value": "IDCW"
                    },
                    {
                      "descriptor": {
                        "name": "IDCW Option",
                        "code": "IDCW_OPTION"
                      },
                      "value": "REINVESTMENT"
                    }
                  ]
                }
              ],
              "parent_item_id": "654cf3eb-1d74-4fe5-9a50-4eafd4c681f9",
              "fulfillment_ids": [
                "398985cb-6145-4d19-b6f9-b044122fd267",
                "ab8ee812-ee73-480b-b378-73e79ea83954",
                "df0d7ca1-dc75-45ab-b9f4-6c4ba1420a83",
                "461fe75f-3b01-4f0d-ad4b-d17562febe90"
              ]
            },
            {
              "id": "f759de32-1391-4457-994e-736103d63eb2",
              "descriptor": {
                "name": "Price Midcap Fund - Regular Plan - Growth",
                "code": "SCHEME_PLAN"
              },
              "category_ids": [
                "6c640866-e57b-42a2-963d-977089660d50"
              ],
              "matched": true,
              "tags": [
                {
                  "display": true,
                  "descriptor": {
                    "name": "Plan Information",
                    "code": "PLAN_INFORMATION"
                  },
                  "list": [
                    {
                      "descriptor": {
                        "name": "Consumer Terms & Conditions",
                        "code": "CONSUMER_TNC"
                      },
                      "value": "https://pre-prod.myvalidus.com/Legal/TnC"
                    }
                  ]
                },
                {
                  "display": true,
                  "descriptor": {
                    "name": "Plan Identifiers",
                    "code": "PLAN_IDENTIFIERS"
                  },
                  "list": [
                    {
                      "descriptor": {
                        "name": "ISIN",
                        "code": "ISIN"
                      },
                      "value": "INF204KA0013"
                    },
                    {
                      "descriptor": {
                        "name": "RTA Identifier",
                        "code": "RTA_IDENTIFIER"
                      },
                      "value": "Validus"
                    },
                    {
                      "descriptor": {
                        "name": "AMFI Identifier",
                        "code": "AMFI_IDENTIFIER"
                      },
                      "value": "Validus"
                    }
                  ]
                },
                {
                  "display": true,
                  "descriptor": {
                    "name": "Plan Options",
                    "code": "PLAN_OPTIONS"
                  },
                  "list": [
                    {
                      "descriptor": {
                        "name": "Plan",
                        "code": "PLAN"
                      },
                      "value": "REGULAR"
                    },
                    {
                      "descriptor": {
                        "name": "Option",
                        "code": "OPTION"
                      },
                      "value": "GROWTH"
                    }
                  ]
                }
              ],
              "parent_item_id": "654cf3eb-1d74-4fe5-9a50-4eafd4c681f9",
              "fulfillment_ids": [
                "398985cb-6145-4d19-b6f9-b044122fd267",
                "ab8ee812-ee73-480b-b378-73e79ea83954",
                "df0d7ca1-dc75-45ab-b9f4-6c4ba1420a83",
                "461fe75f-3b01-4f0d-ad4b-d17562febe90"
              ]
            },
            {
              "id": "94ee396f-a5b6-4555-9ef5-2796d67ca444",
              "descriptor": {
                "name": "Price Midcap Fund - Direct Plan - IDCW - Payout",
                "code": "SCHEME_PLAN"
              },
              "category_ids": [
                "6c640866-e57b-42a2-963d-977089660d50"
              ],
              "matched": true,
              "tags": [
                {
                  "display": true,
                  "descriptor": {
                    "name": "Plan Information",
                    "code": "PLAN_INFORMATION"
                  },
                  "list": [
                    {
                      "descriptor": {
                        "name": "Consumer Terms & Conditions",
                        "code": "CONSUMER_TNC"
                      },
                      "value": "https://pre-prod.myvalidus.com/Legal/TnC"
                    }
                  ]
                },
                {
                  "display": true,
                  "descriptor": {
                    "name": "Plan Identifiers",
                    "code": "PLAN_IDENTIFIERS"
                  },
                  "list": [
                    {
                      "descriptor": {
                        "name": "ISIN",
                        "code": "ISIN"
                      },
                      "value": "INF204KA0009"
                    },
                    {
                      "descriptor": {
                        "name": "RTA Identifier",
                        "code": "RTA_IDENTIFIER"
                      },
                      "value": "Validus"
                    },
                    {
                      "descriptor": {
                        "name": "AMFI Identifier",
                        "code": "AMFI_IDENTIFIER"
                      },
                      "value": "Validus"
                    }
                  ]
                },
                {
                  "display": true,
                  "descriptor": {
                    "name": "Plan Options",
                    "code": "PLAN_OPTIONS"
                  },
                  "list": [
                    {
                      "descriptor": {
                        "name": "Plan",
                        "code": "PLAN"
                      },
                      "value": "DIRECT"
                    },
                    {
                      "descriptor": {
                        "name": "Option",
                        "code": "OPTION"
                      },
                      "value": "IDCW"
                    },
                    {
                      "descriptor": {
                        "name": "IDCW Option",
                        "code": "IDCW_OPTION"
                      },
                      "value": "PAYOUT"
                    }
                  ]
                }
              ],
              "parent_item_id": "654cf3eb-1d74-4fe5-9a50-4eafd4c681f9",
              "fulfillment_ids": [
                "398985cb-6145-4d19-b6f9-b044122fd267",
                "ab8ee812-ee73-480b-b378-73e79ea83954",
                "df0d7ca1-dc75-45ab-b9f4-6c4ba1420a83",
                "461fe75f-3b01-4f0d-ad4b-d17562febe90"
              ]
            },
            {
              "id": "31e46b2e-52d0-4215-b9d2-6a3afec8c7b8",
              "descriptor": {
                "name": "Price Midcap Fund - Direct Plan - IDCW - Reinv",
                "code": "SCHEME_PLAN"
              },
              "category_ids": [
                "6c640866-e57b-42a2-963d-977089660d50"
              ],
              "matched": true,
              "tags": [
                {
                  "display": true,
                  "descriptor": {
                    "name": "Plan Information",
                    "code": "PLAN_INFORMATION"
                  },
                  "list": [
                    {
                      "descriptor": {
                        "name": "Consumer Terms & Conditions",
                        "code": "CONSUMER_TNC"
                      },
                      "value": "https://pre-prod.myvalidus.com/Legal/TnC"
                    }
                  ]
                },
                {
                  "display": true,
                  "descriptor": {
                    "name": "Plan Identifiers",
                    "code": "PLAN_IDENTIFIERS"
                  },
                  "list": [
                    {
                      "descriptor": {
                        "name": "ISIN",
                        "code": "ISIN"
                      },
                      "value": "INF204KA0002"
                    },
                    {
                      "descriptor": {
                        "name": "RTA Identifier",
                        "code": "RTA_IDENTIFIER"
                      },
                      "value": "Validus"
                    },
                    {
                      "descriptor": {
                        "name": "AMFI Identifier",
                        "code": "AMFI_IDENTIFIER"
                      },
                      "value": "Validus"
                    }
                  ]
                },
                {
                  "display": true,
                  "descriptor": {
                    "name": "Plan Options",
                    "code": "PLAN_OPTIONS"
                  },
                  "list": [
                    {
                      "descriptor": {
                        "name": "Plan",
                        "code": "PLAN"
                      },
                      "value": "DIRECT"
                    },
                    {
                      "descriptor": {
                        "name": "Option",
                        "code": "OPTION"
                      },
                      "value": "IDCW"
                    },
                    {
                      "descriptor": {
                        "name": "IDCW Option",
                        "code": "IDCW_OPTION"
                      },
                      "value": "REINVESTMENT"
                    }
                  ]
                }
              ],
              "parent_item_id": "654cf3eb-1d74-4fe5-9a50-4eafd4c681f9",
              "fulfillment_ids": [
                "398985cb-6145-4d19-b6f9-b044122fd267",
                "ab8ee812-ee73-480b-b378-73e79ea83954",
                "df0d7ca1-dc75-45ab-b9f4-6c4ba1420a83",
                "461fe75f-3b01-4f0d-ad4b-d17562febe90"
              ]
            },
            {
              "id": "e5db0b32-c83d-4710-a130-81def6f8459e",
              "descriptor": {
                "name": "Price Midcap Fund - Direct Plan - Growth",
                "code": "SCHEME_PLAN"
              },
              "category_ids": [
                "6c640866-e57b-42a2-963d-977089660d50"
              ],
              "matched": true,
              "tags": [
                {
                  "display": true,
                  "descriptor": {
                    "name": "Plan Information",
                    "code": "PLAN_INFORMATION"
                  },
                  "list": [
                    {
                      "descriptor": {
                        "name": "Consumer Terms & Conditions",
                        "code": "CONSUMER_TNC"
                      },
                      "value": "https://pre-prod.myvalidus.com/Legal/TnC"
                    }
                  ]
                },
                {
                  "display": true,
                  "descriptor": {
                    "name": "Plan Identifiers",
                    "code": "PLAN_IDENTIFIERS"
                  },
                  "list": [
                    {
                      "descriptor": {
                        "name": "ISIN",
                        "code": "ISIN"
                      },
                      "value": "INF204KA0011"
                    },
                    {
                      "descriptor": {
                        "name": "RTA Identifier",
                        "code": "RTA_IDENTIFIER"
                      },
                      "value": "Validus"
                    },
                    {
                      "descriptor": {
                        "name": "AMFI Identifier",
                        "code": "AMFI_IDENTIFIER"
                      },
                      "value": "Validus"
                    }
                  ]
                },
                {
                  "display": true,
                  "descriptor": {
                    "name": "Plan Options",
                    "code": "PLAN_OPTIONS"
                  },
                  "list": [
                    {
                      "descriptor": {
                        "name": "Plan",
                        "code": "PLAN"
                      },
                      "value": "DIRECT"
                    },
                    {
                      "descriptor": {
                        "name": "Option",
                        "code": "OPTION"
                      },
                      "value": "GROWTH"
                    }
                  ]
                }
              ],
              "parent_item_id": "654cf3eb-1d74-4fe5-9a50-4eafd4c681f9",
              "fulfillment_ids": [
                "398985cb-6145-4d19-b6f9-b044122fd267",
                "ab8ee812-ee73-480b-b378-73e79ea83954",
                "df0d7ca1-dc75-45ab-b9f4-6c4ba1420a83",
                "461fe75f-3b01-4f0d-ad4b-d17562febe90"
              ]
            }
          ],
          "fulfillments": [
            {
              "id": "398985cb-6145-4d19-b6f9-b044122fd267",
              "type": "LUMPSUM",
              "tags": [
                {
                  "display": true,
                  "descriptor": {
                    "name": "Thresholds",
                    "code": "THRESHOLDS"
                  },
                  "list": [
                    {
                      "descriptor": {
                        "name": "Amount Minimum",
                        "code": "AMOUNT_MIN"
                      },
                      "value": "100.00"
                    },
                    {
                      "descriptor": {
                        "name": "Amount Maximum",
                        "code": "AMOUNT_MAX"
                      },
                      "value": "100000.00"
                    },
                    {
                      "descriptor": {
                        "name": "Amount Multiples",
                        "code": "AMOUNT_MULTIPLES"
                      },
                      "value": "1"
                    }
                  ]
                }
              ]
            },
            {
              "id": "ab8ee812-ee73-480b-b378-73e79ea83954",
              "type": "SIP",
              "tags": [
                {
                  "display": true,
                  "descriptor": {
                    "name": "Thresholds",
                    "code": "THRESHOLDS"
                  },
                  "list": [
                    {
                      "descriptor": {
                        "name": "Frequency",
                        "code": "FREQUENCY"
                      },
                      "value": "P1M"
                    },
                    {
                      "descriptor": {
                        "name": "Frequency Dates",
                        "code": "FREQUENCY_DATES"
                      },
                      "value": "1,2,3,4,5,6,7,8,9,10,11,12,13,14,15,16,17,18,19,20,21,22,23,24,25,26,27,28"
                    },
                    {
                      "descriptor": {
                        "name": "Amount Minimum",
                        "code": "AMOUNT_MIN"
                      },
                      "value": "100.00"
                    },
                    {
                      "descriptor": {
                        "name": "Amount Maximum",
                        "code": "AMOUNT_MAX"
                      },
                      "value": "50000.00"
                    },
                    {
                      "descriptor": {
                        "name": "Amount Multiples",
                        "code": "AMOUNT_MULTIPLES"
                      },
                      "value": "100"
                    },
                    {
                      "descriptor": {
                        "name": "Installments Count Minimum",
                        "code": "INSTALMENTS_COUNT_MIN"
                      },
                      "value": "12"
                    },
                    {
                      "descriptor": {
                        "name": "Installments Count Maximum",
                        "code": "INSTALMENTS_COUNT_MAX"
                      },
                      "value": "60"
                    },
                    {
                      "descriptor": {
                        "name": "Cumulative Amount Minimum",
                        "code": "CUMULATIVE_AMOUNT_MIN"
                      },
                      "value": "50000.00"
                    }
                  ]
                }
              ]
            },
            {
              "id": "df0d7ca1-dc75-45ab-b9f4-6c4ba1420a83",
              "type": "SIP",
              "tags": [
                {
                  "display": true,
                  "descriptor": {
                    "name": "Thresholds",
                    "code": "THRESHOLDS"
                  },
                  "list": [
                    {
                      "descriptor": {
                        "name": "Frequency",
                        "code": "FREQUENCY"
                      },
                      "value": "P1D"
                    },
                    {
                      "descriptor": {
                        "name": "Amount Minimum",
                        "code": "AMOUNT_MIN"
                      },
                      "value": "10.00"
                    },
                    {
                      "descriptor": {
                        "name": "Amount Maximum",
                        "code": "AMOUNT_MAX"
                      },
                      "value": "10000.00"
                    },
                    {
                      "descriptor": {
                        "name": "Amount Multiples",
                        "code": "AMOUNT_MULTIPLES"
                      },
                      "value": "1"
                    },
                    {
                      "descriptor": {
                        "name": "Installments Count Minimum",
                        "code": "INSTALMENTS_COUNT_MIN"
                      },
                      "value": "100"
                    },
                    {
                      "descriptor": {
                        "name": "Installments Count Maximum",
                        "code": "INSTALMENTS_COUNT_MAX"
                      },
                      "value": "300"
                    },
                    {
                      "descriptor": {
                        "name": "Cumulative Amount Minimum",
                        "code": "CUMULATIVE_AMOUNT_MIN"
                      },
                      "value": "10000.00"
                    }
                  ]
                }
              ]
            },
            {
              "id": "461fe75f-3b01-4f0d-ad4b-d17562febe90",
              "type": "REDEMPTION",
              "tags": [
                {
                  "display": true,
                  "descriptor": {
                    "name": "Thresholds",
                    "code": "THRESHOLDS"
                  },
                  "list": [
                    {
                      "descriptor": {
                        "name": "Amount Minimum",
                        "code": "AMOUNT_MIN"
                      },
                      "value": "100.00"
                    },
                    {
                      "descriptor": {
                        "name": "Amount Maximum",
                        "code": "AMOUNT_MAX"
                      },
                      "value": "50000.00"
                    },
                    {
                      "descriptor": {
                        "name": "Amount Multiples",
                        "code": "AMOUNT_MULTIPLES"
                      },
                      "value": "1"
                    },
                    {
                      "descriptor": {
                        "name": "Units Minimum",
                        "code": "UNITS_MIN"
                      },
                      "value": "100.00"
                    },
                    {
                      "descriptor": {
                        "name": "Units Maximum",
                        "code": "UNITS_MAX"
                      },
                      "value": "1000.00"
                    },
                    {
                      "descriptor": {
                        "name": "Units Multiples",
                        "code": "UNITS_MULTIPLES"
                      },
                      "value": "1"
                    }
                  ]
                }
              ]
            }
          ]
        }
      ],
      "tags": [
        {
          "display": false,
          "descriptor": {
            "name": "BPP Terms of Engagement",
            "code": "BPP_TERMS"
          },
          "list": [
            {
              "descriptor": {
                "name": "Static Terms (Transaction Level)",
                "code": "STATIC_TERMS"
              },
              "value": "https://pre-prod.myvalidus.com/Legal/bppterms"
            },
            {
              "descriptor": {
                "name": "Offline Contract",
                "code": "OFFLINE_CONTRACT"
              },
              "value": "True"
            }
          ]
        }
      ]
    }
  }
}